"original_beta","beta_s4"
-7.72593177389354,-7.72593177389354
2.44598809629679,0
2.18549465760589,0
2.46758883353323,2.46758883353323
7.21830767113715,7.21830767113715
2.80621210578829,2.80621210578829
-9.81008487287909,-9.81008487287909
-5.34898987971246,0
3.32167516462505,0
0.285022826865315,0
3.87182583566755,3.87182583566755
